model,n_atoms,n_waters,walk_idx,n_walkers,status,steps_completed,s_per_step,ns_per_day_per_walker,agg_ns_per_day,mlff_infer_ms,gpu_peak_mib,exit_code
schnet,30,10,0,1,ok,500,0.0038,22.670,22.670,3.7,4266,0
schnet,30,10,1,1,ok,500,0.0038,22.848,22.848,3.7,547,0
schnet,30,10,2,2,ok,500,0.0096,9.038,18.077,16.7,1090,0
schnet,30,10,3,3,ok,500,0.0100,8.612,25.837,17.2,1635,0
schnet,30,10,4,4,ok,500,0.0095,9.119,36.478,16.8,1637,0
schnet,30,10,6,6,ok,500,0.0103,8.419,50.514,17.5,3263,0
schnet,30,10,8,8,ok,500,0.0119,7.289,58.315,18.3,3271,0
schnet,60,20,0,1,ok,500,0.0037,23.045,23.045,3.6,8583,0
schnet,60,20,1,1,ok,500,0.0042,20.810,20.810,4.0,555,0
schnet,60,20,2,2,ok,500,0.0095,9.132,18.265,17.3,1106,0
schnet,60,20,3,3,ok,500,0.0096,9.026,27.077,16.5,1132,0
schnet,60,20,4,4,ok,500,0.0096,9.032,36.127,16.1,1685,0
schnet,60,20,6,6,ok,500,0.0100,8.649,51.896,15.9,2786,0
schnet,60,20,8,8,ok,500,0.0102,8.488,67.903,16.9,3889,0
schnet,180,60,0,1,ok,500,0.0040,21.535,21.535,3.7,15051,0
schnet,180,60,1,1,ok,500,0.0042,20.547,20.547,3.8,607,0
schnet,180,60,2,2,ok,500,0.0044,19.621,39.243,10.6,651,0
schnet,180,60,3,3,ok,500,0.0107,8.065,24.196,17.4,1254,0
schnet,180,60,4,4,ok,500,0.0100,8.638,34.554,17.5,2417,0
schnet,180,60,6,6,ok,500,0.0111,7.788,46.728,16.8,3064,0
schnet,180,60,8,8,ok,500,0.0111,7.753,62.023,18.1,3767,0
schnet,300,100,0,1,ok,500,0.0044,19.655,19.655,3.9,20731,0
schnet,300,100,1,1,ok,500,0.0043,20.325,20.325,3.7,629,0
schnet,300,100,2,2,ok,500,0.0102,8.455,16.910,16.9,1254,0
schnet,300,100,3,3,ok,500,0.0103,8.419,25.258,16.2,1376,0
schnet,300,100,4,4,ok,500,0.0108,7.970,31.880,17.4,2525,0
schnet,300,100,6,6,ok,500,0.0111,7.756,46.537,16.5,3292,0
schnet,300,100,8,8,ok,500,0.0119,7.262,58.093,17.9,3977,0
schnet,900,300,0,1,ok,500,0.0055,15.739,15.739,3.6,36093,0
schnet,900,300,1,1,ok,500,0.0057,15.033,15.033,3.6,841,0
schnet,900,300,2,2,ok,500,0.0127,6.809,13.617,17.7,1678,0
schnet,900,300,3,3,ok,500,0.0125,6.938,20.813,16.6,2174,0
schnet,900,300,4,4,ok,500,0.0129,6.679,26.718,18.0,3865,0
schnet,900,300,6,6,ok,500,0.0142,6.066,36.394,18.2,5242,0
schnet,900,300,8,8,ok,500,0.0228,3.794,30.349,30.3,5242,0
ani2x,30,10,0,1,ok,500,0.0139,6.222,6.222,13.8,4813,0
ani2x,30,10,1,1,ok,500,0.0134,6.455,6.455,12.7,597,0
ani2x,30,10,2,2,ok,500,0.0147,5.874,11.747,21.6,599,0
ani2x,30,10,3,3,ok,500,0.0215,4.026,12.078,28.7,1194,0
ani2x,30,10,4,4,ok,500,0.0232,3.717,14.869,30.4,1194,0
ani2x,30,10,6,6,ok,500,0.0400,2.162,12.970,48.3,2974,0
ani2x,30,10,8,8,ok,500,0.0536,1.611,12.887,61.9,4161,0
ani2x,60,20,0,1,ok,500,0.0142,6.072,6.072,14.1,5808,0
ani2x,60,20,1,1,ok,500,0.0142,6.085,6.085,14.0,599,0
ani2x,60,20,2,2,ok,500,0.0221,3.903,7.807,29.9,1194,0
ani2x,60,20,3,3,ok,500,0.0166,5.216,15.647,23.4,1194,0
ani2x,60,20,4,4,ok,500,0.0297,2.905,11.620,37.5,1795,0
ani2x,60,20,6,6,ok,500,0.0403,2.143,12.855,48.2,2984,0
ani2x,60,20,8,8,ok,500,0.0537,1.608,12.865,62.5,4179,0
ani2x,180,60,0,1,error_rc139,200,0.0144,5.994,5.994,14.1,2062,139
ani2x,180,60,1,1,timeout_hang,0,,,,,625,124
ani2x,180,60,2,2,error_rc1,100,0.0383,2.257,4.513,18.3,631,1
ani2x,180,60,3,3,error_rc1,100,0.0476,1.814,5.443,63.9,1252,1
ani2x,180,60,4,4,error_rc1,100,0.0524,1.650,6.602,38.6,1873,1
ani2x,180,60,6,6,error_rc1,100,0.0764,1.132,6.789,88.7,3729,1
ani2x,180,60,8,8,error_rc1,0,,,,,4962,1
ani2x,300,100,0,1,error_rc139,0,,,,,23123,139
ani2x,300,100,1,1,error_rc1,0,,,,,627,1
ani2x,300,100,2,2,error_rc1,100,0.0513,1.686,3.371,62.2,1250,1
ani2x,300,100,3,3,error_rc1,0,,,,,1873,1
ani2x,300,100,4,4,error_rc1,0,,,,,1873,1
ani2x,300,100,6,6,error_rc1,0,,,,29.1,3152,1
ani2x,300,100,8,8,error_rc1,100,0.0771,1.120,8.963,61.4,3781,1
ani2x,900,300,0,1,ok,500,0.0162,5.336,5.336,14.1,38685,0
ani2x,900,300,1,1,error_rc1,200,0.0167,5.171,5.171,14.3,685,1
ani2x,900,300,2,2,error_rc1,100,0.0458,1.885,3.770,50.3,761,1
ani2x,900,300,3,3,error_rc1,200,0.0308,2.808,8.423,48.8,2067,1
ani2x,900,300,4,4,error_rc1,300,0.0310,2.787,11.148,34.3,2193,1
ani2x,900,300,6,6,error_rc1,400,0.0430,2.008,12.046,50.0,3524,1
ani2x,900,300,8,8,error_rc1,400,0.0676,1.278,10.225,76.7,5494,1
ani2x,1800,600,0,1,error_rc139,0,,,,,33427,139
ani2x,1800,600,1,1,error_rc1,0,,,,,797,1
ani2x,1800,600,2,2,error_rc1,0,,,,,1592,1
ani2x,1800,600,3,3,error_rc1,0,,,,,1089,1
ani2x,1800,600,4,4,error_rc1,0,,,,,2671,1
ani2x,1800,600,6,6,error_rc1,0,,,,,3976,1
ani2x,1800,600,8,8,error_rc1,0,,,,,5561,1
mace,30,10,0,1,ok,500,0.0207,4.170,4.170,20.6,749,0
mace,30,10,1,1,ok,500,0.0208,4.153,4.153,20.6,751,0
mace,30,10,2,2,ok,500,0.0365,2.364,4.728,50.6,1496,0
mace,30,10,3,3,ok,500,0.0402,2.149,6.447,66.7,1692,0
mace,30,10,4,4,ok,500,0.0567,1.525,6.098,82.9,2405,0
mace,30,10,6,6,ok,500,0.0881,0.981,5.886,117.6,3900,0
mace,30,10,8,8,ok,500,0.1060,0.815,6.521,150.4,4813,0
mace,60,20,0,1,ok,500,0.0335,2.582,2.582,33.3,947,0
mace,60,20,1,1,ok,500,0.0333,2.597,2.597,33.0,947,0
mace,60,20,2,2,ok,500,0.0649,1.331,2.662,78.8,1992,0
mace,60,20,3,3,ok,500,0.0682,1.268,3.803,110.1,2216,0
mace,60,20,4,4,ok,500,0.1002,0.862,3.448,140.1,3155,0
mace,60,20,6,6,ok,500,0.1626,0.531,3.188,204.7,5042,0
mace,60,20,8,8,ok,500,0.1632,0.530,4.236,262.6,5808,0
mace,180,60,0,1,error_rc139,0,,,,161.1,1881,139
mace,180,60,1,1,timeout_hang,0,,,,,1881,124
mace,180,60,2,2,error_rc1,0,,,,,4126,1
mace,180,60,3,3,error_rc1,0,,,,,6466,1
mace,180,60,4,4,timeout_partial,100,0.4134,0.209,0.836,422.9,7883,124
mace,180,60,6,6,error_rc1,0,,,,548.8,11552,1
mace,180,60,8,8,timeout_partial,0,,,,206.5,15576,124
mace,300,100,0,1,error_rc139,0,,,,,4481,139
mace,300,100,1,1,error_rc1,0,,,,,3189,1
mace,300,100,2,2,error_rc1,0,,,,,6694,1
mace,300,100,3,3,error_rc1,0,,,,385.4,13884,1
mace,300,100,4,4,error_rc1,0,,,,,15763,1
mace,300,100,6,6,error_rc1,0,,,,,18413,1
mace,300,100,8,8,error_rc1,0,,,,,25990,1
mace,900,300,0,1,error_rc139,0,,,,,12601,139
mace,900,300,1,1,error_rc1,0,,,,,18201,1
mace,900,300,2,2,error_rc1,0,,,,,25196,1
mace,900,300,3,3,timeout_hang,0,,,,1086.9,44070,124
mace,900,300,4,4,error_rc1,0,,,,,44425,1
mace,900,300,6,6,error_rc1,0,,,,,45224,1
mace,900,300,8,8,error_rc1,0,,,,1817.4,45439,1
mace,1800,600,0,1,error_rc139,0,,,,,24977,139
mace,1800,600,1,1,error_rc1,0,,,,,35081,1
mace,1800,600,2,2,error_rc1,0,,,,,35081,1
mace,1800,600,3,3,error_rc1,0,,,,,41849,1
mace,1800,600,4,4,error_rc1,0,,,,1895.2,45383,1
mace,1800,600,6,6,timeout_partial,500,1.2180,0.071,0.426,1426.4,45431,124
mace,1800,600,8,8,error_rc1,500,0.5509,0.157,1.255,1432.3,45360,1
nequip_oam,30,10,0,1,ok,500,0.0768,1.126,1.126,75.9,4161,0
nequip_oam,30,10,1,1,ok,500,0.0759,1.138,1.138,75.5,769,0
nequip_oam,30,10,2,2,ok,500,0.0766,1.128,2.255,110.7,965,0
nequip_oam,30,10,3,3,ok,500,0.0768,1.125,3.375,106.6,1113,0
nequip_oam,30,10,4,4,ok,500,0.0815,1.061,4.242,112.1,2463,0
nequip_oam,30,10,6,6,ok,500,0.0812,1.065,6.388,113.0,4028,0
nequip_oam,30,10,8,8,ok,500,0.0840,1.028,8.227,121.5,4446,0
nequip_oam,60,20,0,1,ok,500,0.0764,1.131,1.131,75.9,3577,0
nequip_oam,60,20,1,1,ok,500,0.0760,1.137,1.137,75.4,1187,0
nequip_oam,60,20,2,2,ok,500,0.0753,1.147,2.294,112.5,2324,0
nequip_oam,60,20,3,3,ok,500,0.0817,1.057,3.171,113.3,3555,0
nequip_oam,60,20,4,4,ok,500,0.0824,1.049,4.195,113.3,4453,0
nequip_oam,60,20,6,6,ok,500,0.0991,0.872,5.233,141.3,6505,0
nequip_oam,60,20,8,8,ok,500,0.1395,0.619,4.954,170.9,8835,0
nequip_oam,180,60,0,1,error_rc139,200,0.0765,1.129,1.129,76.0,2153,139
nequip_oam,180,60,1,1,error_rc1,200,0.0775,1.116,1.116,76.9,1837,1
nequip_oam,180,60,2,2,ok,500,0.0975,0.886,1.773,134.3,3828,0
nequip_oam,180,60,3,3,error_rc1,400,0.1066,0.810,2.431,319.7,5334,1
nequip_oam,180,60,4,4,error_rc1,0,,,,339.4,7929,1
nequip_oam,180,60,6,6,error_rc1,100,0.4731,0.183,1.096,410.4,12069,1
nequip_oam,180,60,8,8,error_rc1,0,,,,,15159,1
nequip_oam,300,100,0,1,error_rc139,100,0.2475,0.349,0.349,279.9,3199,139
nequip_oam,300,100,1,1,error_rc1,0,,,,,2931,1
nequip_oam,300,100,2,2,error_rc1,100,0.3698,0.234,0.467,402.4,5860,1
nequip_oam,300,100,3,3,error_rc1,0,,,,123.8,9321,1
nequip_oam,300,100,4,4,error_rc1,400,0.1601,0.540,2.159,13.4,12508,1
nequip_oam,300,100,6,6,error_rc1,0,,,,,17497,1
nequip_oam,300,100,8,8,error_rc1,0,,,,,23658,1
nequip_oam,900,300,0,1,error_rc139,400,0.4757,0.182,0.182,451.6,10593,139
nequip_oam,900,300,1,1,error_rc1,200,0.4893,0.177,0.177,487.1,10591,1
nequip_oam,900,300,2,2,error_rc1,100,1.2180,0.071,0.142,1250.8,20672,1
nequip_oam,900,300,3,3,error_rc1,100,2.3266,0.037,0.111,503.0,42086,1
nequip_oam,900,300,4,4,error_rc1,100,3.4381,0.025,0.101,3474.1,44282,1
nequip_oam,900,300,6,6,error_rc1,200,0.8862,0.097,0.585,2302.3,45457,1
nequip_oam,900,300,8,8,error_rc1,200,2.0168,0.043,0.343,1935.4,45115,1
nequip_oam,1800,600,0,1,error_rc139,0,,,,,17357,139
nequip_oam,1800,600,1,1,error_rc1,0,,,,,19599,1
nequip_oam,1800,600,2,2,error_rc1,0,,,,,38654,1
nequip_oam,1800,600,3,3,error_rc1,0,,,,,36416,1
nequip_oam,1800,600,4,4,error_rc1,0,,,,,43496,1
fennol,30,10,0,1,error_rc1,0,,,,,544,1
fennol,30,10,1,1,error_rc1,0,,,,,0,1
fennol,30,10,2,2,error_rc1,0,,,,,0,1
fennol,30,10,3,3,error_rc1,0,,,,,0,1
fennol,30,10,4,4,error_rc1,0,,,,,0,1
fennol,30,10,6,6,error_rc1,0,,,,,0,1
fennol,30,10,8,8,error_rc1,0,,,,,0,1
fennol,60,20,0,1,error_rc1,0,,,,,578,1
fennol,60,20,1,1,error_rc1,0,,,,,0,1
fennol,60,20,2,2,error_rc1,0,,,,,0,1
fennol,60,20,3,3,error_rc1,0,,,,,0,1
fennol,60,20,4,4,error_rc1,0,,,,,0,1
fennol,60,20,6,6,error_rc1,0,,,,,0,1
fennol,60,20,8,8,error_rc1,0,,,,,0,1
fennol,180,60,0,1,error_rc1,0,,,,,606,1
fennol,180,60,1,1,error_rc1,0,,,,,0,1
fennol,180,60,2,2,error_rc1,0,,,,,0,1
fennol,180,60,3,3,error_rc1,0,,,,,0,1
fennol,180,60,4,4,error_rc1,0,,,,,0,1
fennol,180,60,6,6,error_rc1,0,,,,,0,1
fennol,180,60,8,8,error_rc1,0,,,,,0,1
fennol,300,100,0,1,error_rc1,0,,,,,646,1
fennol,300,100,1,1,error_rc1,0,,,,,0,1
fennol,300,100,2,2,error_rc1,0,,,,,0,1
fennol,300,100,3,3,error_rc1,0,,,,,0,1
fennol,300,100,4,4,error_rc1,0,,,,,0,1
fennol,300,100,6,6,error_rc1,0,,,,,0,1
fennol,300,100,8,8,error_rc1,0,,,,,0,1
fennol,900,300,0,1,error_rc1,0,,,,,4899,1
fennol,900,300,1,1,error_rc1,0,,,,,0,1
fennol,900,300,2,2,error_rc1,0,,,,,0,1
fennol,900,300,3,3,error_rc1,0,,,,,0,1
fennol,900,300,4,4,error_rc1,0,,,,,0,1
fennol,900,300,6,6,error_rc1,0,,,,,0,1
fennol,900,300,8,8,error_rc1,0,,,,,0,1
