model,n_atoms,n_walkers,status,n_logs,n_perf,per_walker_nsday,agg_nsday,gpu_peak_mib
ani2x,30,1,ok,1,1,6.129137522523159,6.129137522523159,597
ani2x,30,2,ok,2,2,5.891903255540858,11.783806511081716,599
ani2x,30,3,ok,3,3,4.217889623860317,12.653668871580951,1192
ani2x,30,4,ok,4,4,3.018814852447621,12.075259409790483,1785
ani2x,30,6,ok,6,6,2.162492873597962,12.97495724158777,2972
ani2x,30,8,ok,8,8,1.6489843517178442,13.191874813742754,4159
ani2x,60,1,ok,1,1,6.021535352127397,6.021535352127397,599
ani2x,60,2,ok,2,2,6.403297984579567,12.806595969159133,601
ani2x,60,3,ok,3,3,3.9329578804403256,11.798873641320977,1196
ani2x,60,4,ok,4,4,2.576809542242862,10.307238168971448,2385
ani2x,60,6,ok,6,6,2.1391231382535656,12.834738829521394,2982
ani2x,60,8,ok,8,8,1.6202571110192252,12.962056888153802,4175
ani2x,180,1,ok,1,1,5.936186000494684,5.936186000494684,625
ani2x,180,2,ok,2,2,5.861956696956178,11.723913393912357,631
ani2x,180,3,error_rc1,3,3,3.932362483056814,11.797087449170442,1252
ani2x,180,4,error_rc1,4,4,2.970576932918093,11.882307731672372,1873
ani2x,180,6,timeout_partial,6,6,2.5557877215944416,15.33472632956665,3114
ani2x,180,8,error_rc1,8,8,2.4265601736972995,19.412481389578396,3146
ani2x,300,1,timeout_partial,1,1,5.94513139153232,5.94513139153232,627
ani2x,300,2,error_rc1,2,2,1.0931593069486887,2.1863186138973774,1250
ani2x,300,3,error_rc1,3,2,3.7303268221474046,7.460653644294809,1873
ani2x,300,4,error_rc1,4,4,2.3638847214218717,9.455538885687487,1905
ani2x,300,6,error_rc1,6,6,0.9085234124339756,5.451140474603854,3152
ani2x,300,8,error_rc1,8,7,1.7448251486251163,12.213776040375814,4990
ani2x,900,1,timeout_partial,1,1,5.272568607468254,5.272568607468254,685
ani2x,900,2,ok,2,2,3.873397337048946,7.746794674097892,1386
ani2x,900,3,error_rc1,3,3,3.260108581594293,9.780325744782878,2047
ani2x,900,4,timeout_partial,4,4,3.145817846254078,12.583271385016312,2141
ani2x,900,6,ok,6,6,1.9384708773864416,11.63082526431865,3504
ani2x,900,8,error_rc1,8,8,1.6051211903550242,12.840969522840194,4867
ani2x,1800,1,error_rc1,1,1,1.097351876547914,1.097351876547914,799
ani2x,1800,2,error_rc1,2,1,1.0218599980840126,1.0218599980840126,1594
ani2x,1800,3,error_rc1,3,2,0.9517727955068571,1.9035455910137142,1089
ani2x,1800,4,error_rc1,4,3,1.3473591256635056,4.042077376990517,2385
ani2x,1800,6,error_rc1,6,5,0.7768415754065755,3.8842078770328774,4769
ani2x,1800,8,error_rc1,8,4,0.7008810819558808,2.8035243278235233,6360
ani2x,3000,1,error_rc1,1,1,0.9906620924984866,0.9906620924984866,1071
ani2x,3000,2,timeout_partial,2,2,2.3696975211172173,4.739395042234435,2138
ani2x,3000,3,error_rc1,3,2,2.2020054784003404,4.404010956800681,2138
ani2x,3000,4,error_rc1,4,4,1.8012760463382358,7.205104185352943,3205
ani2x,3000,6,error_rc1,6,6,0.7262823112220284,4.35769386733217,4671
ani2x,3000,8,error_rc1,8,8,0.9728359668498358,7.782687734798686,8542
ani2x,6000,1,timeout_hang,1,0,,,1895
ani2x,6000,2,error_rc1,2,0,,,3784
ani2x,6000,3,error_rc1,3,0,,,3786
ani2x,6000,4,error_rc1,4,0,,,5158
ani2x,6000,6,error_rc1,6,0,,,11345
ani2x,6000,8,error_rc1,8,1,0.4517505333166018,0.4517505333166018,12719
fennol,30,1,ok,1,1,107.02473708332818,107.02473708332818,585
fennol,30,2,ok,2,2,100.97383644163637,201.94767288327273,1170
fennol,30,3,ok,3,3,88.08037063077789,264.24111189233366,1747
fennol,30,4,ok,4,4,79.26208888110963,317.04835552443853,2333
fennol,30,6,ok,6,6,51.30538027544506,307.83228165267036,3509
fennol,30,8,ok,8,8,45.400705407645205,363.20564326116164,4690
fennol,60,1,ok,1,1,102.91080349039144,102.91080349039144,591
fennol,60,2,ok,2,2,98.18025470910787,196.36050941821574,1172
fennol,60,3,ok,3,3,101.56808662339978,304.70425987019934,1753
fennol,60,4,ok,4,4,94.78926203469142,379.1570481387657,2351
fennol,60,6,ok,6,6,69.26683033997806,415.60098203986837,3503
fennol,60,8,ok,8,8,58.0226244666676,464.1809957333408,4702
fennol,180,1,ok,1,1,85.3080568720379,85.3080568720379,581
fennol,180,2,timeout_partial,2,2,75.51588591248115,151.0317718249623,1176
fennol,180,3,ok,3,3,65.11373408147607,195.3412022444282,1763
fennol,180,4,ok,4,4,69.72762978885774,278.91051915543096,2349
fennol,180,6,error_rc1,6,6,71.01931079853794,426.1158647912277,3531
fennol,180,8,error_rc1,8,8,52.58996833095208,420.71974664761666,4708
fennol,300,1,error_rc1,1,1,64.92042739281366,64.92042739281366,589
fennol,300,2,error_rc1,2,2,61.23238573452767,122.46477146905534,1178
fennol,300,3,error_rc1,3,3,58.063225947445034,174.1896778423351,1765
fennol,300,4,error_rc1,4,4,62.135266696635014,248.54106678654006,2351
fennol,300,6,error_rc1,6,6,55.77130905596123,334.6278543357674,3531
fennol,300,8,error_rc1,8,8,46.572406204744276,372.5792496379542,4704
fennol,900,1,error_rc1,1,1,26.951991764669184,26.951991764669184,595
fennol,900,2,error_rc1,2,2,26.154005913346907,52.308011826693814,1186
fennol,900,3,ok,3,3,25.914776068082556,77.74432820424767,1777
fennol,900,4,error_rc1,4,4,24.81200229298973,99.24800917195893,2371
fennol,900,6,error_rc1,6,6,22.899042128092372,137.39425276855422,3553
fennol,900,8,ok,8,8,22.395192942692404,179.16154354153923,4722
fennol,1800,1,error_rc1,1,1,10.720653761348819,10.720653761348819,611
fennol,1800,2,error_rc1,2,2,10.458254837494678,20.916509674989356,1218
fennol,1800,3,error_rc1,3,3,10.135110595511863,30.40533178653559,1823
fennol,1800,4,error_rc1,4,4,9.855855420982424,39.423421683929696,2435
fennol,1800,6,error_rc1,6,5,9.951208578094482,49.75604289047241,3649
fennol,1800,8,error_rc1,8,5,10.164994413096835,50.824972065484175,4866
fennol,3000,1,error_rc1,1,0,,,767
fennol,3000,2,error_rc1,2,2,4.814924820229681,9.629849640459362,1530
fennol,3000,3,error_rc1,3,1,4.816321980043481,4.816321980043481,2293
fennol,3000,4,error_rc1,4,4,4.848826934179998,19.395307736719992,3059
fennol,3000,6,error_rc1,6,6,4.753754016756276,28.522524100537655,4587
fennol,3000,8,error_rc1,8,8,4.770485340794264,38.16388272635411,6114
fennol,6000,1,error_rc1,1,0,,,1009
fennol,6000,2,error_rc1,2,0,,,2014
fennol,6000,3,error_rc1,3,1,1.3878938389721875,1.3878938389721875,3021
fennol,6000,4,error_rc1,4,1,1.4038736513713765,1.4038736513713765,4155
fennol,6000,6,error_rc1,6,0,,,6167
fennol,6000,8,error_rc1,8,2,1.3677320178166963,2.7354640356333926,8306
mace,30,1,ok,1,1,4.179708097700679,4.179708097700679,749
mace,30,2,ok,2,2,2.616122020209133,5.232244040418266,915
mace,30,3,ok,3,3,2.237317718888256,6.711953156664768,1692
mace,30,4,ok,4,4,1.9382355525101302,7.752942210040521,2407
mace,30,6,ok,6,6,1.4382776623694478,8.629665974216687,3307
mace,30,8,ok,8,8,1.1279337958431046,9.023470366744837,4797
mace,60,1,ok,1,1,2.609948616636609,2.609948616636609,947
mace,60,2,ok,2,2,1.4476507263341571,2.8953014526683143,1265
mace,60,3,ok,3,3,0.9873206029314057,2.961961808794217,1629
mace,60,4,ok,4,4,1.00323429944965,4.0129371977986,2622
mace,60,6,ok,6,6,0.4491858335746175,2.695115001447705,5663
mace,60,8,ok,8,8,0.6314974546460778,5.051979637168622,6345
mace,180,1,error_rc1,1,1,0.9275661051885727,0.9275661051885727,1881
mace,180,2,error_rc1,2,2,0.4398158185159807,0.8796316370319615,3942
mace,180,3,error_rc1,3,3,0.2674882103654532,0.8024646310963597,5780
mace,180,4,error_rc1,4,3,0.1835580285880972,0.5506740857642916,6225
mace,180,6,error_rc1,6,6,0.1266839489178757,0.7601036935072543,11823
mace,180,8,timeout_partial,8,8,0.12295948206197918,0.9836758564958334,14840
mace,300,1,error_rc1,1,1,0.3054925005834058,0.3054925005834058,3189
mace,300,2,error_rc1,2,1,0.20069733030738748,0.20069733030738748,7493
mace,300,3,error_rc1,3,3,0.1423050756595491,0.42691522697864737,10668
mace,300,4,error_rc1,4,4,0.11590269858338392,0.4636107943335357,13231
mace,300,6,error_rc1,6,6,0.0790237031784846,0.4741422190709076,21037
mace,300,8,error_rc1,8,5,0.07920646016576642,0.3960323008288321,27345
mace,900,1,error_rc1,1,1,0.13966841683263068,0.13966841683263068,10373
mace,900,2,error_rc1,2,2,0.07807706571928533,0.15615413143857065,34795
mace,900,3,error_rc1,3,3,0.051353411701376694,0.15406023510413008,38927
mace,900,4,error_rc1,4,4,0.038850308307653465,0.15540123323061386,44957
mace,900,6,timeout_partial,6,6,0.09141667734620675,0.5485000640772405,44759
mace,900,8,error_rc1,8,8,0.060719643170716285,0.4857571453657303,45375
mace,1800,1,error_rc1,1,0,,,37623
mace,1800,2,timeout_hang,2,0,,,44914
mace,1800,3,error_rc1,3,0,,,44918
mace,1800,4,error_rc1,4,0,,,44788
mace,1800,6,error_rc1,6,1,0.037279301358278255,0.037279301358278255,45429
mace,1800,8,ok,8,8,0.21674628908546753,1.7339703126837402,45433
mace,3000,1,error_rc1,1,0,,,28811
mace,3000,2,ok,2,2,0.06919500782874219,0.13839001565748438,45180
mace,3000,3,error_rc1,3,3,0.04061149794810094,0.12183449384430282,45164
mace,3000,4,error_rc1,4,4,0.040804987020091665,0.16321994808036666,44982
mace,3000,6,ok,6,6,0.2124364376455806,1.2746186258734835,45318
mace,3000,8,ok,8,8,0.15232717324774092,1.2186173859819274,45430
mace,6000,1,error_rc1,1,1,0.06049234043744924,0.06049234043744924,44789
mace,6000,2,ok,2,2,0.5299238637873652,1.0598477275747304,45418
mace,6000,3,ok,3,3,0.07956551244080441,0.23869653732241325,45320
mace,6000,4,ok,4,4,0.08156695567982948,0.3262678227193179,45084
mace,6000,6,ok,6,6,0.3182489023381955,1.9094934140291733,45211
mace,6000,8,ok,8,8,0.568271771008163,4.546174168065304,45342
nequip_oam,30,1,ok,1,1,1.1310380939913598,1.1310380939913598,747
nequip_oam,30,2,ok,2,2,1.1336591291445082,2.2673182582890163,875
nequip_oam,30,3,ok,3,3,1.1249394541843893,3.3748183625531682,1618
nequip_oam,30,4,ok,4,4,1.0850381536610039,4.3401526146440155,2361
nequip_oam,30,6,ok,6,6,1.082590150845121,6.495540905070726,3211
nequip_oam,30,8,ok,8,8,1.0322831215041994,8.258264972033595,4739
nequip_oam,60,1,ok,1,1,1.1300617348540334,1.1300617348540334,1051
nequip_oam,60,2,ok,2,2,1.1188910432884724,2.237782086576945,1843
nequip_oam,60,3,ok,3,3,1.1159179992117811,3.347753997635343,2728
nequip_oam,60,4,ok,4,4,1.0772778938052125,4.30911157522085,4195
nequip_oam,60,6,ok,6,6,0.8663970011600678,5.198382006960407,6203
nequip_oam,60,8,ok,8,8,1.0580111286669835,8.464089029335868,7844
nequip_oam,180,1,ok,1,1,1.111082533885445,1.111082533885445,1995
nequip_oam,180,2,error_rc1,2,2,0.5785754746499276,1.1571509492998553,3655
nequip_oam,180,3,error_rc1,3,3,0.5456120980668796,1.6368362942006387,5646
nequip_oam,180,4,error_rc1,4,4,0.3210808093759125,1.28432323750365,8109
nequip_oam,180,6,error_rc1,6,6,0.23791122426423347,1.4274673455854008,11344
nequip_oam,180,8,error_rc1,8,5,0.24331431620936864,1.2165715810468432,14631
nequip_oam,300,1,ok,1,1,0.8265490620007464,0.8265490620007464,3201
nequip_oam,300,2,timeout_partial,2,2,0.4535289378021757,0.9070578756043514,6664
nequip_oam,300,3,error_rc1,3,3,0.25367990584422223,0.7610397175326666,9942
nequip_oam,300,4,error_rc1,4,2,0.2096346097877752,0.4192692195755504,12966
nequip_oam,300,6,error_rc1,6,4,0.13112909684359514,0.5245163873743806,19532
nequip_oam,300,8,error_rc1,8,4,0.13576911520055104,0.5430764608022042,26622
nequip_oam,900,1,ok,1,1,0.17551022895553142,0.17551022895553142,10591
nequip_oam,900,2,error_rc1,2,2,0.07860548851894433,0.15721097703788867,17012
nequip_oam,900,3,error_rc1,3,3,0.05344395131434062,0.16033185394302185,32745
nequip_oam,900,4,error_rc1,4,4,0.0407502650634985,0.163001060253994,42867
nequip_oam,900,6,ok,6,6,0.06852527769150576,0.4111516661490346,45450
nequip_oam,900,8,ok,8,8,0.190335884593726,1.522687076749808,45412
nequip_oam,1800,1,error_rc1,1,0,,,21299
nequip_oam,1800,2,error_rc1,2,0,,,19595
nequip_oam,1800,3,error_rc1,3,1,0.030567083072416394,0.030567083072416394,34710
nequip_oam,1800,4,ok,4,4,0.31677316777645537,1.2670926711058215,45435
nequip_oam,1800,6,error_rc1,6,0,,,44963
nequip_oam,1800,8,ok,8,8,0.7545362287174369,6.036289829739495,45437
nequip_oam,3000,1,error_rc1,1,1,0.03678709045621953,0.03678709045621953,34453
nequip_oam,3000,2,ok,2,2,0.2687136612851926,0.5374273225703852,45200
nequip_oam,3000,3,ok,3,3,0.23765259753071763,0.7129577925921529,45226
nequip_oam,3000,4,error_rc1,4,4,0.13425730640159478,0.5370292256063791,45430
nequip_oam,3000,6,ok,6,6,0.4514602398486858,2.7087614390921146,45445
nequip_oam,3000,8,ok,8,8,1.1575635537714466,9.260508430171573,45453
nequip_oam,6000,1,ok,1,1,0.16700008697921195,0.16700008697921195,43685
nequip_oam,6000,2,ok,2,2,0.4060662210699906,0.8121324421399811,45334
nequip_oam,6000,3,ok,3,3,0.2973146277838095,0.8919438833514286,45368
nequip_oam,6000,4,ok,4,4,0.2701135362510756,1.0804541450043024,45306
nequip_oam,6000,6,ok,6,6,0.3915105625435032,2.3490633752610193,45365
nequip_oam,6000,8,ok,8,8,0.8515527787683718,6.812422230146974,45455
schnet,30,1,ok,1,1,24.992768296210595,24.992768296210595,547
schnet,30,2,ok,2,2,20.94854937659919,41.89709875319838,551
schnet,30,3,ok,3,3,11.355876662681425,34.067629988044274,555
schnet,30,4,ok,4,4,8.974067841491586,35.89627136596634,1098
schnet,30,6,ok,6,6,8.716460936333347,52.29876561800008,2185
schnet,30,8,ok,8,8,7.744661154452282,61.957289235618255,3271
schnet,60,1,ok,1,1,23.017289607587223,23.017289607587223,555
schnet,60,2,ok,2,2,20.24113166063942,40.48226332127884,583
schnet,60,3,ok,3,3,11.305912953163173,33.91773885948952,595
schnet,60,4,ok,4,4,8.764956871032703,35.059827484130814,1685
schnet,60,6,ok,6,6,8.78702028700961,52.722121722057665,2786
schnet,60,8,ok,8,8,8.371526554072222,66.97221243257778,3891
schnet,180,1,ok,1,1,20.874607393090077,20.874607393090077,607
schnet,180,2,ok,2,2,18.071862350549353,36.143724701098705,651
schnet,180,3,ok,3,3,8.52356339012706,25.570690170381184,1254
schnet,180,4,ok,4,4,8.246798916074285,32.98719566429714,1857
schnet,180,6,ok,6,6,8.34508718566896,50.07052311401377,3064
schnet,180,8,ok,8,8,7.250275347063531,58.00220277650825,3767
schnet,300,1,ok,1,1,21.670972434723808,21.670972434723808,629
schnet,300,2,ok,2,2,18.64591807976742,37.29183615953484,749
schnet,300,3,ok,3,3,8.12612327184212,24.378369815526362,1372
schnet,300,4,ok,4,4,8.513325009976214,34.053300039904855,1997
schnet,300,6,ok,6,6,7.743603547136817,46.4616212828209,3755
schnet,300,8,ok,8,8,7.430778169722234,59.44622535777787,4499
schnet,900,1,ok,1,1,14.237221105362046,14.237221105362046,841
schnet,900,2,ok,2,2,11.773242646879648,23.546485293759297,1367
schnet,900,3,ok,3,3,6.694049028280376,20.08214708484113,2430
schnet,900,4,ok,4,4,6.719384679262073,26.877538717048292,3353
schnet,900,6,ok,6,6,5.262013625414343,31.572081752486056,4365
schnet,900,8,ok,8,8,4.9505679403379395,39.604543522703516,7129
schnet,1800,1,ok,1,1,7.388720229187157,7.388720229187157,1207
schnet,1800,2,ok,2,2,4.146008637508047,8.292017275016095,1207
schnet,1800,3,ok,3,3,4.171820406747089,12.515461220241265,2410
schnet,1800,4,ok,4,4,4.266016160267403,17.064064641069614,3613
schnet,1800,6,ok,6,6,3.747381435742469,22.484288614454815,6020
schnet,1800,8,ok,8,8,2.6658832955128218,21.327066364102574,9630
schnet,3000,1,ok,1,1,3.4367405062032335,3.4367405062032335,2585
schnet,3000,2,ok,2,2,2.460092764890652,4.920185529781304,5785
schnet,3000,3,ok,3,3,2.4793431815012354,7.438029544503706,5785
schnet,3000,4,ok,4,4,2.4457549194856942,9.783019677942777,6935
schnet,3000,6,ok,6,6,2.066014844001069,12.396089064006414,12910
schnet,3000,8,ok,8,8,1.705516628443756,13.644133027550048,17879
schnet,6000,1,ok,1,1,1.1272589211975572,1.1272589211975572,3085
schnet,6000,2,ok,2,2,1.0563107494156134,2.112621498831227,3085
schnet,6000,3,ok,3,3,0.8518049945893847,2.5554149837681543,6861
schnet,6000,4,ok,4,4,0.8307041293902563,3.322816517561025,10902
schnet,6000,6,ok,6,6,0.6993064135353815,4.195838481212289,15410
schnet,6000,8,ok,8,8,0.7449663849562541,5.959731079650033,21074
xtb,30,1,error_rc1,1,0,,,0
xtb,30,2,error_rc1,2,0,,,0
xtb,30,3,error_rc1,3,0,,,0
xtb,30,4,error_rc1,4,0,,,0
xtb,30,6,error_rc1,6,0,,,0
xtb,30,8,error_rc1,8,0,,,0
xtb,60,1,error_rc1,1,0,,,0
xtb,60,2,error_rc1,2,0,,,0
xtb,60,3,error_rc1,3,0,,,0
xtb,60,4,error_rc1,4,0,,,0
xtb,60,6,error_rc1,6,0,,,0
xtb,60,8,error_rc1,8,0,,,0
xtb,180,1,error_rc1,1,0,,,0
xtb,180,2,error_rc1,2,0,,,0
xtb,180,3,error_rc1,3,0,,,0
xtb,180,4,error_rc1,4,0,,,0
xtb,180,6,error_rc1,6,0,,,0
xtb,180,8,error_rc1,8,0,,,0
xtb,300,1,error_rc1,1,0,,,0
xtb,300,2,error_rc1,2,0,,,0
xtb,300,3,error_rc1,3,0,,,0
xtb,300,4,error_rc1,4,0,,,0
xtb,300,6,error_rc1,6,0,,,0
xtb,300,8,error_rc1,8,0,,,0
xtb,900,1,error_rc1,1,0,,,0
xtb,900,2,error_rc1,2,0,,,0
xtb,900,3,error_rc1,3,0,,,0
xtb,900,4,error_rc1,4,0,,,0
xtb,900,6,error_rc1,6,0,,,0
xtb,900,8,error_rc1,8,0,,,0
xtb,1800,1,error_rc1,1,0,,,0
xtb,1800,2,error_rc1,2,0,,,0
xtb,1800,3,error_rc1,3,0,,,0
xtb,1800,4,error_rc1,4,0,,,0
xtb,1800,6,error_rc1,6,0,,,0
xtb,1800,8,error_rc1,8,0,,,0
xtb,3000,1,error_rc1,1,0,,,0
xtb,3000,2,error_rc1,2,0,,,0
xtb,3000,3,error_rc1,3,0,,,0
xtb,3000,4,error_rc1,4,0,,,0
xtb,3000,6,error_rc1,6,0,,,0
xtb,3000,8,error_rc1,8,0,,,0
xtb,6000,1,error_rc1,1,0,,,0
xtb,6000,2,error_rc1,2,0,,,0
xtb,6000,3,error_rc1,3,0,,,0
xtb,6000,4,error_rc1,4,0,,,0
xtb,6000,6,error_rc1,6,0,,,0
xtb,6000,8,error_rc1,8,0,,,0
