model,backend,n_atoms,n_waters,walkers,status,s_per_step,ns_per_day,first_interval_s_per_step,n_intervals,mlff_infer_ms,mlff_forward_ms_batch,wall_seconds,gpu_peak_mib,gpu_mem_over_baseline_mib,exit_code
ani2x,mlff,30,10,0,ok,0.0353,2.4501,0.0521,5,30.47,30.38,22,3520,1764,0
ani2x,mlff,30,10,1,ok,0.0316,2.7374,0.0669,5,32.49,32.39,21,2430,674,0
ani2x,mlff,30,10,2,ok,0.0324,2.6708,0.0541,5,39.96,29.43,20,2341,585,0
ani2x,mlff,30,10,3,ok,0.0334,2.5907,0.0498,5,39.81,36.51,21,2302,546,0
ani2x,mlff,30,10,4,ok,0.0338,2.5580,0.0558,5,41.65,34.07,21,2356,600,0
ani2x,mlff,30,10,5,ok,0.0354,2.4405,0.0545,5,42.41,33.99,22,2388,632,0
ani2x,mlff,30,10,6,ok,0.0417,2.0735,0.0641,5,49.30,41.91,25,2428,672,0
ani2x,mlff,30,10,7,ok,0.0392,2.2061,0.0583,5,46.20,31.79,25,2349,593,0
ani2x,mlff,30,10,8,ok,0.0379,2.2818,0.0516,5,43.62,38.87,22,2338,582,0
mace,mlff,30,10,0,ok,0.1479,0.5842,0.1799,5,142.98,142.88,81,2207,451,0
mace,mlff,30,10,1,ok,0.1362,0.6344,0.1833,5,141.90,141.80,75,2179,423,0
mace,mlff,30,10,2,ok,0.2809,0.3075,0.3588,5,300.07,283.75,152,2506,750,0
mace,mlff,30,10,3,ok,0.3656,0.2363,0.4665,5,389.00,347.52,201,3008,1252,0
mace,mlff,30,10,4,ok,0.5185,0.1666,0.5473,5,527.38,492.58,271,2901,1145,0
mace,mlff,30,10,5,ok,0.6973,0.1239,0.7743,5,715.50,752.07,367,3318,1562,0
mace,mlff,30,10,6,ok,0.7301,0.1183,0.9185,5,773.33,797.52,395,3241,1485,0
mace,mlff,30,10,7,ok,0.8049,0.1073,0.8859,5,823.88,792.76,423,3704,1948,0
mace,mlff,30,10,8,ok,1.0779,0.0802,1.0457,5,1075.06,1112.20,547,3874,2118,0
nequip_oam,mlff,30,10,0,ok,0.1596,0.5414,0.2524,5,168.47,168.37,95,2468,712,0
nequip_oam,mlff,30,10,1,ok,0.1506,0.5738,0.2471,5,163.67,163.57,90,2456,700,0
nequip_oam,mlff,30,10,2,ok,0.2701,0.3199,0.3550,5,296.17,278.95,151,2642,886,0
nequip_oam,mlff,30,10,3,ok,0.4059,0.2129,0.5078,5,435.56,431.39,223,2738,982,0
nequip_oam,mlff,30,10,4,ok,0.5613,0.1539,0.5860,5,574.55,601.27,292,3063,1307,0
nequip_oam,mlff,30,10,5,ok,0.6725,0.1285,0.7583,5,698.68,755.91,358,3578,1822,0
nequip_oam,mlff,30,10,6,ok,0.7872,0.1098,0.9031,5,819.07,824.62,422,3805,2049,0
nequip_oam,mlff,30,10,7,ok,0.9021,0.0958,0.8970,5,910.32,969.93,469,3967,2211,0
nequip_oam,mlff,30,10,8,ok,1.0075,0.0858,1.0160,5,1017.54,1093.17,525,4165,2409,0
schnet,mlff,30,10,0,ok,0.0072,12.0603,0.0275,5,9.41,9.33,7,4094,2338,0
schnet,mlff,30,10,1,ok,0.0062,14.0149,0.0287,5,6.86,6.75,7,2234,478,0
schnet,mlff,30,10,2,ok,0.0067,12.8733,0.0280,5,12.61,6.58,6,2260,504,0
schnet,mlff,30,10,3,ok,0.0072,12.0029,0.0281,5,13.05,7.21,8,2239,483,0
schnet,mlff,30,10,4,ok,0.0078,11.0472,0.0297,5,13.88,7.25,8,2234,478,0
schnet,mlff,30,10,5,ok,0.0086,10.0062,0.0281,5,14.29,7.19,7,2256,500,0
schnet,mlff,30,10,6,ok,0.0132,6.5277,0.0370,5,19.56,12.50,11,2393,637,0
schnet,mlff,30,10,7,ok,0.0149,5.7894,0.0368,5,21.10,14.61,12,2393,637,0
schnet,mlff,30,10,8,ok,0.0110,7.8359,0.0353,5,17.84,10.30,9,2387,631,0
xtb,xtb,30,10,0,ok,0.0223,3.8812,0.0684,5,,,17,2377,621,0
xtb,xtb,30,10,1,ok,0.0301,2.8662,0.0447,5,,,16,2129,373,0
xtb,xtb,30,10,2,ok,1.0505,0.0822,1.2112,5,,,552,2283,527,0
xtb,xtb,30,10,3,ok,2.1409,0.0404,2.3527,5,,,1118,2558,802,0
xtb,xtb,30,10,4,ok,2.9713,0.0291,3.2372,5,,,1555,2685,929,0
xtb,xtb,30,10,5,timeout_partial,4.0348,0.0214,4.1741,4,,,1839,3043,1287,124
